"country","overall_points","points_season","title_datawrapper_overall","text_datawrapper_overall","title_datawrapper_season","text_datawrapper_season"
"England",89.141,"2.571","England: 89.143 points","Manchester City: <b>16.571</b> (18.6%)<br>Chelsea: <b>15.571</b> (17.5%)<br>Liverpool: <b>15.429</b> (17.3%)<br>Manchester United: <b>12.143</b> (13.6%)<br>Tottenham Hotspur: <b>10.214</b> (11.5%)<br>Arsenal: <b>8.429</b> (9.5%)<br>Leicester City: <b>3.857</b> (4.3%)<br>West Ham United: <b>3.286</b> (3.7%)<br>Wolverhampton Wanderers: <b>3.143</b> (3.5%)<br>Burnley FC: <b>0.5</b> (0.6%)<br>","England: 2.571 points","Chelsea: <b>0.571</b> (22.2%, not out)<br>Manchester City: <b>0.571</b> (22.2%, not out)<br>Tottenham Hotspur: <b>0.571</b> (22.2%, not out)<br>Liverpool: <b>0.571</b> (22.2%, not out)<br>West Ham United: <b>0.286</b> (11.1%, not out)<br>Arsenal: <b>0</b> (0%, not out)<br>Manchester United: <b>0</b> (0%, not out)<br>"
"Spain",78.998,"2.571","Spain: 79 points","Real Madrid: <b>13.714</b> (17.4%)<br>FC Barcelona: <b>13.714</b> (17.4%)<br>Sevilla: <b>11.714</b> (14.8%)<br>Atlético Madrid: <b>11.571</b> (14.6%)<br>Villarreal: <b>10.286</b> (13%)<br>Valencia: <b>5.714</b> (7.2%)<br>Real Betis: <b>3.429</b> (4.3%)<br>Real Sociedad: <b>2.571</b> (3.3%)<br>Granada CF: <b>2.5</b> (3.2%)<br>Espanyol: <b>2.214</b> (2.8%)<br>Getafe: <b>1.571</b> (2%)<br>","Spain: 2.571 points","FC Barcelona: <b>0.571</b> (22.2%, not out)<br>Sevilla: <b>0.571</b> (22.2%, not out)<br>Atlético Madrid: <b>0.571</b> (22.2%, not out)<br>Real Madrid: <b>0.571</b> (22.2%, not out)<br>Villarreal: <b>0.286</b> (11.1%, not out)<br>Real Betis: <b>0</b> (0%, not out)<br>Real Sociedad: <b>0</b> (0%, not out)<br>"
"Germany",67.981,"2.625","Germany: 67.982 points","Bayern München: <b>16.071</b> (23.6%)<br>RB Leipzig: <b>11</b> (16.2%)<br>Borussia Dortmund: <b>10.357</b> (15.2%)<br>Eintracht Frankfurt: <b>9.929</b> (14.6%)<br>Bayer Leverkusen: <b>8.071</b> (11.9%)<br>VfL Wolfsburg: <b>3.357</b> (4.9%)<br>Borussia Mönchengladbach: <b>3</b> (4.4%)<br>1899 Hoffenheim: <b>2.714</b> (4%)<br>Schalke 04: <b>2.429</b> (3.6%)<br>Union Berlin: <b>0.929</b> (1.4%)<br>1.FC Köln: <b>0.125</b> (0.2%)<br>SC Freiburg: <b>0</b> (0%)<br>","Germany: 2.625 points","Bayern München: <b>0.5</b> (19%, not out)<br>Eintracht Frankfurt: <b>0.5</b> (19%, not out)<br>Borussia Dortmund: <b>0.5</b> (19%, not out)<br>RB Leipzig: <b>0.5</b> (19%, not out)<br>Bayer Leverkusen: <b>0.5</b> (19%, not out)<br>1.FC Köln: <b>0.125</b> (4.8%, not out)<br>SC Freiburg: <b>0</b> (0%, not out)<br>Union Berlin: <b>0</b> (0%, not out)<br>"
"Italy",62.069,"2.500","Italy: 62.071 points","Juventus: <b>12.571</b> (20.3%)<br>AS Roma: <b>11</b> (17.7%)<br>Internazionale: <b>10.143</b> (16.3%)<br>Atalanta: <b>8.786</b> (14.2%)<br>Napoli: <b>8.714</b> (14%)<br>Lazio: <b>5.286</b> (8.5%)<br>AC Milan: <b>4.857</b> (7.8%)<br>Torino: <b>0.5</b> (0.8%)<br>Fiorentina: <b>0.214</b> (0.3%)<br>","Italy: 2.5 points","Napoli: <b>0.571</b> (22.9%, not out)<br>AC Milan: <b>0.571</b> (22.9%, not out)<br>Juventus: <b>0.571</b> (22.9%, not out)<br>Internazionale: <b>0.571</b> (22.9%, not out)<br>Fiorentina: <b>0.214</b> (8.6%, not out)<br>AS Roma: <b>0</b> (0%, not out)<br>Lazio: <b>0</b> (0%, not out)<br>"
"France",50.164,"1.583","France: 50.167 points","Paris Saint-Germain: <b>16.167</b> (32.2%)<br>Olympique Lyonnais: <b>10.167</b> (20.3%)<br>Stade Rennais: <b>5.833</b> (11.6%)<br>Olympique Marseille: <b>5.167</b> (10.3%)<br>Lille OSC: <b>5</b> (10%)<br>AS Monaco: <b>3.833</b> (7.6%)<br>Girondins Bordeaux: <b>1.75</b> (3.5%)<br>AS Saint-Étienne: <b>0.667</b> (1.3%)<br>RC Strasbourg: <b>0.667</b> (1.3%)<br>OGC Nice: <b>0.5</b> (1%)<br>Stade de Reims: <b>0.417</b> (0.8%)<br>FC Nantes: <b>0</b> (0%)<br>","France: 1.583 points","Olympique Marseille: <b>0.667</b> (42.1%, not out)<br>Paris Saint-Germain: <b>0.667</b> (42.1%, not out)<br>OGC Nice: <b>0.167</b> (10.5%, not out)<br>AS Monaco: <b>0.083</b> (5.3%, not out)<br>Stade Rennais: <b>0</b> (0%, not out)<br>FC Nantes: <b>0</b> (0%, not out)<br>"
"Netherlands",49.1,"2.700","Netherlands: 49.1 points","Ajax: <b>18.6</b> (37.9%)<br>PSV Eindhoven: <b>10.2</b> (20.8%)<br>Feyenoord: <b>8.1</b> (16.5%)<br>AZ Alkmaar: <b>8.1</b> (16.5%)<br>Vitesse Arnhem: <b>3.1</b> (6.3%)<br>FC Twente Enschede: <b>0.5</b> (1%)<br>Willem II Tilburg: <b>0.4</b> (0.8%)<br>FC Utrecht: <b>0.1</b> (0.2%)<br>","Netherlands: 2.7 points","AZ Alkmaar: <b>1</b> (37%, not out)<br>Ajax: <b>0.8</b> (29.6%, not out)<br>FC Twente Enschede: <b>0.5</b> (18.5%, out)<br>PSV Eindhoven: <b>0.4</b> (14.8%, not out)<br>Feyenoord: <b>0</b> (0%, not out)<br>"
"Portugal",47.049,"3.333","Portugal: 47.05 points","FC Porto: <b>13.633</b> (29%)<br>Benfica: <b>13.35</b> (28.4%)<br>Sporting Braga: <b>7.8</b> (16.6%)<br>Sporting CP Lisbon: <b>7.733</b> (16.4%)<br>Vitória Guimarães: <b>2.317</b> (4.9%)<br>CD Santa Clara: <b>0.833</b> (1.8%)<br>Rio Ave: <b>0.8</b> (1.7%)<br>Paços de Ferreira: <b>0.333</b> (0.7%)<br>Gil Vicente: <b>0.25</b> (0.5%)<br>","Portugal: 3.333 points","Benfica: <b>1.333</b> (40%, not out)<br>FC Porto: <b>0.667</b> (20%, not out)<br>Sporting CP Lisbon: <b>0.667</b> (20%, not out)<br>Vitória Guimarães: <b>0.417</b> (12.5%, out)<br>Gil Vicente: <b>0.25</b> (7.5%, out)<br>Sporting Braga: <b>0</b> (0%, not out)<br>"
"Scotland",35.2,"2.300","Scotland: 35.2 points","Rangers: <b>18.125</b> (51.5%)<br>Celtic: <b>11.7</b> (33.2%)<br>Aberdeen: <b>2.475</b> (7%)<br>Hibernian: <b>1.5</b> (4.3%)<br>Motherwell: <b>0.75</b> (2.1%)<br>Kilmarnock: <b>0.25</b> (0.7%)<br>Dundee United: <b>0.2</b> (0.6%)<br>St. Johnstone: <b>0.2</b> (0.6%)<br>Hearts FC: <b>0</b> (0%)<br>","Scotland: 2.3 points","Rangers: <b>1.3</b> (56.5%, not out)<br>Celtic: <b>0.8</b> (34.8%, not out)<br>Dundee United: <b>0.2</b> (8.7%, out)<br>Hearts FC: <b>0</b> (0%, not out)<br>Motherwell: <b>0</b> (0%, out)<br>"
"Austria",31,"1.900","Austria: 31 points","FC Salzburg: <b>12.2</b> (39.4%)<br>LASK: <b>9.1</b> (29.4%)<br>Rapid Wien: <b>5.8</b> (18.7%)<br>Wolfsberger AC: <b>2.7</b> (8.7%)<br>Sturm Graz: <b>1</b> (3.2%)<br>TSV Hartberg: <b>0.1</b> (0.3%)<br>Austria Wien: <b>0.1</b> (0.3%)<br>Admira Wacker: <b>0</b> (0%)<br>","Austria: 1.9 points","FC Salzburg: <b>0.8</b> (42.1%, not out)<br>Rapid Wien: <b>0.6</b> (31.6%, out)<br>Wolfsberger AC: <b>0.5</b> (26.3%, out)<br>Austria Wien: <b>0</b> (0%, not out)<br>Sturm Graz: <b>0</b> (0%, not out)<br>"
"Belgium",30.4,"2.400","Belgium: 30.4 points","Club Brugge: <b>8.9</b> (29.3%)<br>AA Gent: <b>6.5</b> (21.4%)<br>Racing Genk: <b>4.8</b> (15.8%)<br>Standard Liège: <b>4.2</b> (13.8%)<br>Royal Antwerp: <b>3.7</b> (12.2%)<br>Anderlecht: <b>1.7</b> (5.6%)<br>Charleroi: <b>0.4</b> (1.3%)<br>Union Saint-Gilloise: <b>0.2</b> (0.7%)<br>","Belgium: 2.4 points","Royal Antwerp: <b>0.8</b> (33.3%, out)<br>Club Brugge: <b>0.8</b> (33.3%, not out)<br>Anderlecht: <b>0.6</b> (25%, not out)<br>Union Saint-Gilloise: <b>0.2</b> (8.3%, not out)<br>AA Gent: <b>0</b> (0%, not out)<br>"
"Serbia",28.875,"1.875","Serbia: 28.875 points","Crvena zvezda: <b>15</b> (51.9%)<br>Partizan Belgrade: <b>9.25</b> (32%)<br>Cukaricki Belgrade: <b>1.75</b> (6.1%)<br>Radnicki Nis: <b>1</b> (3.5%)<br>TSC Backa Topola: <b>0.625</b> (2.2%)<br>Spartak Subotica: <b>0.625</b> (2.2%)<br>Vojvodina Novi Sad: <b>0.625</b> (2.2%)<br>","Serbia: 1.875 points","Crvena zvezda: <b>0.625</b> (33.3%, not out)<br>Cukaricki Belgrade: <b>0.5</b> (26.7%, out)<br>Partizan Belgrade: <b>0.5</b> (26.7%, not out)<br>Radnicki Nis: <b>0.25</b> (13.3%, out)<br>"
"Norway",26.75,"3.500","Norway: 26.75 points","Molde FK: <b>8.25</b> (30.8%)<br>Bodø/Glimt: <b>7.875</b> (29.4%)<br>Rosenborg BK: <b>5.5</b> (20.6%)<br>Sarpsborg 08: <b>2.375</b> (8.9%)<br>Viking Stavanger: <b>1</b> (3.7%)<br>FK Haugesund: <b>0.875</b> (3.3%)<br>Lillestrøm SK: <b>0.5</b> (1.9%)<br>Vålerengens IF: <b>0.25</b> (0.9%)<br>SK Brann Bergen: <b>0.125</b> (0.5%)<br>","Norway: 3.5 points","Bodø/Glimt: <b>1.125</b> (32.1%, not out)<br>Molde FK: <b>1</b> (28.6%, not out)<br>Viking Stavanger: <b>0.875</b> (25%, out)<br>Lillestrøm SK: <b>0.5</b> (14.3%, out)<br>"
"Czech Republic",26.55,"4.250","Czech Republic: 26.55 points","Slavia Praha: <b>12.025</b> (45.3%)<br>Viktoria Plzen: <b>6.175</b> (23.3%)<br>Sparta Praha: <b>2.425</b> (9.1%)<br>FK Jablonec: <b>2.4</b> (9%)<br>Slovan Liberec: <b>1.9</b> (7.2%)<br>1.FC Slovácko: <b>0.825</b> (3.1%)<br>Mladá Boleslav: <b>0.4</b> (1.5%)<br>Sigma Olomouc: <b>0.4</b> (1.5%)<br>","Czech Republic: 4.25 points","Viktoria Plzen: <b>2.375</b> (55.9%, not out)<br>Slavia Praha: <b>1.125</b> (26.5%, not out)<br>1.FC Slovácko: <b>0.625</b> (14.7%, not out)<br>Sparta Praha: <b>0.125</b> (2.9%, out)<br>"
"Switzerland",26.425,"3.250","Switzerland: 26.425 points","Young Boys: <b>11.225</b> (42.5%)<br>FC Basel: <b>10.6</b> (40.1%)<br>FC Zürich: <b>2.525</b> (9.6%)<br>Servette FC: <b>0.75</b> (2.8%)<br>FC Lugano: <b>0.6</b> (2.3%)<br>FC Luzern: <b>0.4</b> (1.5%)<br>FC Sankt Gallen: <b>0.325</b> (1.2%)<br>FC Thun: <b>0</b> (0%)<br>","Switzerland: 3.25 points","Young Boys: <b>1.25</b> (38.5%, out)<br>FC Zürich: <b>1.125</b> (34.6%, not out)<br>FC Basel: <b>0.875</b> (26.9%, not out)<br>FC Lugano: <b>0</b> (0%, out)<br>"
"Russian Federation",26.215,"0","Russia: 26.216 points","Zenit St. Petersburg: <b>6.133</b> (23.4%)<br>FK Krasnodar: <b>4.667</b> (17.8%)<br>Lokomotiv Moscow: <b>3.567</b> (13.6%)<br>Spartak Moscow: <b>3.483</b> (13.3%)<br>CSKA Moscow: <b>2.667</b> (10.2%)<br>FC Sochi: <b>0.6</b> (2.3%)<br>FC Ufa: <b>0.5</b> (1.9%)<br>Rubin Kazan: <b>0.1</b> (0.4%)<br>FK Rostov: <b>0.083</b> (0.3%)<br>Dinamo Moscow: <b>0.083</b> (0.3%)<br>Arsenal Tula: <b>0</b> (0%)<br>","Russia: excluded","Due to the war in Ukraine, the Russian Federation got excluded from all UEFA competitions. They recieved 4.333 points for the country ranking, which is the lowest number they have earned in any of the last five seasons."
"Ukraine",25.7,"1.900","Ukraine: 25.7 points","Shakhtar Donetsk: <b>11.9</b> (46.3%)<br>Dynamo Kyiv: <b>8.3</b> (32.3%)<br>Zorya Luhansk: <b>3.1</b> (12.1%)<br>Vorskla Poltava: <b>0.7</b> (2.7%)<br>Kolos Kovalivka: <b>0.6</b> (2.3%)<br>FC Oleksandriya: <b>0.6</b> (2.3%)<br>FC Mariupol: <b>0.4</b> (1.6%)<br>Desna Chernihiv: <b>0.1</b> (0.4%)<br>SC Dnipro-1: <b>0</b> (0%)<br>","Ukraine: 1.9 points","Shakhtar Donetsk: <b>0.8</b> (42.1%, not out)<br>Dynamo Kyiv: <b>0.7</b> (36.8%, not out)<br>Vorskla Poltava: <b>0.2</b> (10.5%, out)<br>Zorya Luhansk: <b>0.2</b> (10.5%, out)<br>SC Dnipro-1: <b>0</b> (0%, not out)<br>"
"Greece",24.725,"1.625","Greece: 24.725 points","Olympiakos Piraeus: <b>11.45</b> (46.3%)<br>PAOK Thessaloniki: <b>7.6</b> (30.7%)<br>AEK Athens: <b>3.15</b> (12.7%)<br>Aris Thessaloniki: <b>1.6</b> (6.5%)<br>Atromitos FC: <b>0.6</b> (2.4%)<br>Panathinaikos: <b>0.125</b> (0.5%)<br>OFI Heraklion: <b>0.1</b> (0.4%)<br>Asteras Tripolis: <b>0.1</b> (0.4%)<br>","Greece: 1.625 points","Aris Thessaloniki: <b>0.75</b> (46.2%, out)<br>Olympiakos Piraeus: <b>0.625</b> (38.5%, not out)<br>PAOK Thessaloniki: <b>0.125</b> (7.7%, out)<br>Panathinaikos: <b>0.125</b> (7.7%, out)<br>"
"Croatia",24.65,"2.625","Croatia: 24.65 points","GNK Dinamo: <b>18.125</b> (73.5%)<br>NK Rijeka: <b>2.95</b> (12%)<br>Hajduk Split: <b>1.775</b> (7.2%)<br>NK Osijek: <b>1.6</b> (6.5%)<br>Lokomotiva Zagreb: <b>0.2</b> (0.8%)<br>","Croatia: 2.625 points","GNK Dinamo: <b>2.125</b> (81%, not out)<br>NK Osijek: <b>0.25</b> (9.5%, out)<br>Hajduk Split: <b>0.25</b> (9.5%, out)<br>NK Rijeka: <b>0</b> (0%, out)<br>"
"Denmark",24.625,"2.700","Denmark: 24.625 points","FC København: <b>12.8</b> (52%)<br>FC Midtjylland: <b>5.675</b> (23%)<br>Brøndby IF: <b>1.9</b> (7.7%)<br>Randers FC: <b>1.5</b> (6.1%)<br>FC Nordsjælland: <b>1</b> (4.1%)<br>Viborg FF: <b>0.8</b> (3.2%)<br>AGF Aarhus: <b>0.6</b> (2.4%)<br>Esbjerg fB: <b>0.125</b> (0.5%)<br>SønderjyskE: <b>0.125</b> (0.5%)<br>Silkeborg IF: <b>0.1</b> (0.4%)<br>","Denmark: 2.7 points","FC København: <b>1.1</b> (40.7%, not out)<br>Viborg FF: <b>0.8</b> (29.6%, out)<br>Brøndby IF: <b>0.5</b> (18.5%, out)<br>FC Midtjylland: <b>0.2</b> (7.4%, not out)<br>Silkeborg IF: <b>0.1</b> (3.7%, not out)<br>"
"Israel",23,"4.250","Israel: 23 points","Maccabi Tel-Aviv: <b>9.25</b> (40.2%)<br>Hapoel Beer-Sheva: <b>6.5</b> (28.3%)<br>Maccabi Haifa: <b>6</b> (26.1%)<br>Bnei Yehuda: <b>0.375</b> (1.6%)<br>Hapoel Haifa: <b>0.375</b> (1.6%)<br>Beitar Jerusalem: <b>0.25</b> (1.1%)<br>MS Ashdod: <b>0.125</b> (0.5%)<br>Maccabi Netanya: <b>0.125</b> (0.5%)<br>","Israel: 4.25 points","Maccabi Haifa: <b>2</b> (47.1%, not out)<br>Hapoel Beer-Sheva: <b>1.25</b> (29.4%, not out)<br>Maccabi Tel-Aviv: <b>0.875</b> (20.6%, out)<br>Maccabi Netanya: <b>0.125</b> (2.9%, out)<br>"
"Turkey",22.7,"2.400","Turkey: 22.7 points","Galatasaray: <b>7.1</b> (31.3%)<br>Istanbul Basaksehir: <b>4.5</b> (19.8%)<br>Fenerbahçe: <b>3.9</b> (17.2%)<br>Besiktas: <b>3.4</b> (15%)<br>Sivasspor: <b>1.5</b> (6.6%)<br>Trabzonspor: <b>1</b> (4.4%)<br>Yeni Malatyaspor: <b>0.5</b> (2.2%)<br>Konyaspor: <b>0.5</b> (2.2%)<br>Akhisarspor: <b>0.2</b> (0.9%)<br>Alanyaspor: <b>0.1</b> (0.4%)<br>","Turkey: 2.4 points","Istanbul Basaksehir: <b>1</b> (41.7%, not out)<br>Fenerbahçe: <b>0.8</b> (33.3%, not out)<br>Konyaspor: <b>0.5</b> (20.8%, out)<br>Trabzonspor: <b>0.1</b> (4.2%, not out)<br>Sivasspor: <b>0</b> (0%, not out)<br>"
"Cyprus",22.075,"2.700","Cyprus: 22.075 points","APOEL Nicosia: <b>5.675</b> (25.7%)<br>Apollon Limassol: <b>5.15</b> (23.3%)<br>AEK Larnaca: <b>4.275</b> (19.4%)<br>Omonia Nicosia: <b>3.775</b> (17.1%)<br>Anorthosis Famagusta: <b>2.25</b> (10.2%)<br>AEL Limassol: <b>0.75</b> (3.4%)<br>Aris Limassol: <b>0.2</b> (0.9%)<br>","Cyprus: 2.7 points","AEK Larnaca: <b>0.9</b> (33.3%, not out)<br>APOEL Nicosia: <b>0.8</b> (29.6%, out)<br>Apollon Limassol: <b>0.4</b> (14.8%, not out)<br>Omonia Nicosia: <b>0.4</b> (14.8%, not out)<br>Aris Limassol: <b>0.2</b> (7.4%, out)<br>"
"Sweden",20.5,"3.000","Sweden: 20.5 points","Malmö FF: <b>12.125</b> (59.1%)<br>Djurgårdens IF: <b>2</b> (9.8%)<br>AIK Stockholm: <b>1.75</b> (8.5%)<br>Hammarby IF: <b>1.5</b> (7.3%)<br>IFK Norrköping: <b>1.125</b> (5.5%)<br>IF Elfsborg: <b>1.125</b> (5.5%)<br>BK Häcken: <b>0.75</b> (3.7%)<br>IFK Göteborg: <b>0.125</b> (0.6%)<br>","Sweden: 3 points","Malmö FF: <b>1.25</b> (41.7%, not out)<br>Djurgårdens IF: <b>1.25</b> (41.7%, not out)<br>AIK Stockholm: <b>0.5</b> (16.7%, out)<br>IF Elfsborg: <b>0</b> (0%, out)<br>"
"Bulgaria",18.25,"2.750","Bulgaria: 18.25 points","Ludogorets Razgrad: <b>9</b> (49.3%)<br>CSKA Sofia: <b>6</b> (32.9%)<br>Levski Sofia: <b>1.375</b> (7.5%)<br>Lokomotiv Plovdiv: <b>1.125</b> (6.2%)<br>Slavia Sofia: <b>0.625</b> (3.4%)<br>Botev Plovdiv: <b>0.125</b> (0.7%)<br>Arda Kardzhali: <b>0</b> (0%)<br>","Bulgaria: 2.75 points","Ludogorets Razgrad: <b>1.125</b> (40.9%, not out)<br>CSKA Sofia: <b>0.875</b> (31.8%, out)<br>Levski Sofia: <b>0.625</b> (22.7%, out)<br>Botev Plovdiv: <b>0.125</b> (4.5%, out)<br>"
"Romania",17.75,"3.500","Romania: 17.75 points","CFR Cluj: <b>9.5</b> (53.5%)<br>FCSB: <b>4.375</b> (24.6%)<br>Universitatea Craiova: <b>2.125</b> (12%)<br>Viitorul Constanta: <b>0.75</b> (4.2%)<br>Sepsi OSK: <b>0.5</b> (2.8%)<br>FC Botosani: <b>0.5</b> (2.8%)<br>","Romania: 3.5 points","CFR Cluj: <b>1.375</b> (39.3%, not out)<br>FCSB: <b>1</b> (28.6%, not out)<br>Universitatea Craiova: <b>0.875</b> (25%, out)<br>Sepsi OSK: <b>0.25</b> (7.1%, out)<br>"
"Hungary",17.625,"2.875","Hungary: 17.625 points","Ferencváros: <b>8.375</b> (47.5%)<br>FC Fehérvár: <b>2.75</b> (15.6%)<br>Videoton Fehérvár: <b>2.375</b> (13.5%)<br>Honvéd Budapest: <b>1.625</b> (9.2%)<br>Újpest TE: <b>0.75</b> (4.3%)<br>Kisvárda FC: <b>0.75</b> (4.3%)<br>Puskás Akadémia: <b>0.625</b> (3.5%)<br>DVSC Debrecen: <b>0.375</b> (2.1%)<br>","Hungary: 2.875 points","Ferencváros: <b>1</b> (34.8%, not out)<br>FC Fehérvár: <b>1</b> (34.8%, out)<br>Kisvárda FC: <b>0.75</b> (26.1%, out)<br>Puskás Akadémia: <b>0.125</b> (4.3%, out)<br>"
"Slovak Republic",16.75,"3.000","Slovakia: 16.75 points","Slovan Bratislava: <b>7.125</b> (42.5%)<br>Spartak Trnava: <b>4</b> (23.9%)<br>DAC Dunajska Streda: <b>2.5</b> (14.9%)<br>AS Trencín: <b>1.375</b> (8.2%)<br>MSK Zilina: <b>1.25</b> (7.5%)<br>MFK Ruzomberok: <b>0.5</b> (3%)<br>","Slovakia: 3 points","Slovan Bratislava: <b>1.125</b> (37.5%, not out)<br>DAC Dunajska Streda: <b>1</b> (33.3%, out)<br>Spartak Trnava: <b>0.5</b> (16.7%, out)<br>MFK Ruzomberok: <b>0.375</b> (12.5%, out)<br>"
"Poland",16.5,"3.500","Poland: 16.5 points","Legia Warsaw: <b>5.625</b> (34.1%)<br>Lech Poznan: <b>3.875</b> (23.5%)<br>Raków Czestochowa: <b>2.125</b> (12.9%)<br>Piast Gliwice: <b>1.25</b> (7.6%)<br>Slask Wroclaw: <b>1.125</b> (6.8%)<br>Lechia Gdansk: <b>0.875</b> (5.3%)<br>Pogon Szczecin: <b>0.5</b> (3%)<br>Cracovia Kraków: <b>0.375</b> (2.3%)<br>Jagiellonia Bialystok: <b>0.375</b> (2.3%)<br>Górnik Zabrze: <b>0.375</b> (2.3%)<br>","Poland: 3.5 points","Lech Poznan: <b>1.25</b> (35.7%, not out)<br>Raków Czestochowa: <b>1.25</b> (35.7%, out)<br>Lechia Gdansk: <b>0.625</b> (17.9%, out)<br>Pogon Szczecin: <b>0.375</b> (10.7%, out)<br>"
"Azerbaijan",14.625,"2.000","Azerbaijan: 14.625 points","Qarabag FK: <b>10.125</b> (69.2%)<br>Neftchi Baku: <b>3.125</b> (21.4%)<br>Gabala FK: <b>0.5</b> (3.4%)<br>Kesla FK: <b>0.5</b> (3.4%)<br>Sumgayit FK: <b>0.25</b> (1.7%)<br>Zira FK: <b>0.125</b> (0.9%)<br>Sabail FK: <b>0</b> (0%)<br>","Azerbaijan: 2 points","Qarabag FK: <b>1.125</b> (56.2%, not out)<br>Neftchi Baku: <b>0.5</b> (25%, out)<br>Gabala FK: <b>0.25</b> (12.5%, out)<br>Zira FK: <b>0.125</b> (6.2%, out)<br>"
"Kazakhstan",12.625,"1.125","Kazakhstan: 12.625 points","FK Astana: <b>5.125</b> (40.6%)<br>Kairat Almaty: <b>3.625</b> (28.7%)<br>Tobol Kustanai: <b>2</b> (15.8%)<br>Ordabasy Shymkent: <b>0.75</b> (5.9%)<br>Shakhtyor Karaganda: <b>0.5</b> (4%)<br>FK Kyzylzhar: <b>0.375</b> (3%)<br>Kaysar Kyzylorda: <b>0.125</b> (1%)<br>Irtysh Pavlodar: <b>0.125</b> (1%)<br>","Kazakhstan: 1.125 points","Tobol Kustanai: <b>0.75</b> (66.7%, out)<br>FK Kyzylzhar: <b>0.375</b> (33.3%, out)<br>FK Astana: <b>0</b> (0%, out)<br>Kairat Almaty: <b>0</b> (0%, out)<br>"
"Slovenia",12.5,"2.125","Slovenia: 12.5 points","NK Maribor: <b>3.375</b> (27%)<br>Mura Murska Sobota: <b>3.125</b> (25%)<br>Olimpija Ljubljana: <b>2.875</b> (23%)<br>NK Domzale: <b>1.875</b> (15%)<br>NK Celje: <b>0.625</b> (5%)<br>Rudar Velenje: <b>0.5</b> (4%)<br>NK Koper: <b>0.125</b> (1%)<br>","Slovenia: 2.125 points","Mura Murska Sobota: <b>0.75</b> (35.3%, out)<br>NK Maribor: <b>0.625</b> (29.4%, out)<br>Olimpija Ljubljana: <b>0.625</b> (29.4%, out)<br>NK Koper: <b>0.125</b> (5.9%, out)<br>"
"Moldova",10.75,"2.250","Moldova: 10.75 points","Sheriff Tiraspol: <b>7.875</b> (73.3%)<br>Petrocub Hîncesti: <b>1.375</b> (12.8%)<br>Milsami Orhei: <b>0.875</b> (8.1%)<br>Sfântul Gheorghe: <b>0.375</b> (3.5%)<br>Zaria Balti: <b>0.125</b> (1.2%)<br>Dinamo-Auto Tiraspol: <b>0.125</b> (1.2%)<br>Speranta Nisporeni: <b>0</b> (0%)<br>","Moldova: 2.25 points","Sheriff Tiraspol: <b>1</b> (44.4%, not out)<br>Petrocub Hîncesti: <b>0.75</b> (33.3%, out)<br>Milsami Orhei: <b>0.5</b> (22.2%, out)<br>Sfântul Gheorghe: <b>0</b> (0%, out)<br>"
"Kosovo",10.291,"2.125","Kosovo: 10.292 points","FC Drita: <b>3.458</b> (33.6%)<br>FC Prishtina: <b>3</b> (29.1%)<br>FC Ballkani: <b>1.375</b> (13.4%)<br>Feronikeli: <b>1.25</b> (12.1%)<br>SC Gjilani: <b>0.917</b> (8.9%)<br>KF Llapi: <b>0.292</b> (2.8%)<br>","Kosovo: 2.125 points","FC Ballkani: <b>1.375</b> (64.7%, not out)<br>FC Drita: <b>0.375</b> (17.6%, out)<br>SC Gjilani: <b>0.25</b> (11.8%, out)<br>KF Llapi: <b>0.125</b> (5.9%, out)<br>"
"Latvia",10.125,"2.250","Latvia: 10.125 points","Riga FC: <b>4</b> (39.5%)<br>RFS Riga: <b>2.125</b> (21%)<br>FK Ventspils: <b>1.5</b> (14.8%)<br>FK Liepaja: <b>1.5</b> (14.8%)<br>Spartaks Jurmala: <b>0.75</b> (7.4%)<br>Valmieras FK: <b>0.25</b> (2.5%)<br>","Latvia: 2.25 points","Riga FC: <b>1.125</b> (50%, out)<br>RFS Riga: <b>0.875</b> (38.9%, not out)<br>FK Liepaja: <b>0.25</b> (11.1%, out)<br>Valmieras FK: <b>0</b> (0%, out)<br>"
"Finland",10,"2.375","Finland: 10 points","HJK Helsinki: <b>4.625</b> (46.2%)<br>KuPS Kuopio: <b>3.375</b> (33.8%)<br>Inter Turku: <b>0.75</b> (7.5%)<br>Honka Espoo: <b>0.625</b> (6.2%)<br>Ilves Tampere: <b>0.25</b> (2.5%)<br>SJK Seinäjoki: <b>0.25</b> (2.5%)<br>FC Lahti: <b>0.125</b> (1.2%)<br>RoPS Rovaniemi: <b>0</b> (0%)<br>","Finland: 2.375 points","HJK Helsinki: <b>1.125</b> (47.4%, not out)<br>KuPS Kuopio: <b>0.75</b> (31.6%, out)<br>Inter Turku: <b>0.25</b> (10.5%, out)<br>SJK Seinäjoki: <b>0.25</b> (10.5%, out)<br>"
"Belarus",9.875,"0.625","Belarus: 9.875 points","BATE Borisov: <b>4.375</b> (44.3%)<br>Shakhtior Saligorsk: <b>2.125</b> (21.5%)<br>Dynamo Brest: <b>1.625</b> (16.5%)<br>Dinamo Minsk: <b>1.625</b> (16.5%)<br>FC Vitebsk: <b>0.125</b> (1.3%)<br>Torpedo Zhodino: <b>0</b> (0%)<br>FC Gomel: <b>0</b> (0%)<br>","Belarus: 0.625 points","Dinamo Minsk: <b>0.375</b> (60%, out)<br>Shakhtior Saligorsk: <b>0.25</b> (40%, out)<br>BATE Borisov: <b>0</b> (0%, out)<br>FC Gomel: <b>0</b> (0%, out)<br>"
"Ireland",9.875,"2.875","Ireland: 9.875 points","Shamrock Rovers: <b>3.25</b> (32.9%)<br>Dundalk: <b>3.125</b> (31.6%)<br>Bohemians Dublin: <b>1.375</b> (13.9%)<br>Sligo Rovers: <b>1</b> (10.1%)<br>St. Patrick's Athletic: <b>0.5</b> (5.1%)<br>Derry City: <b>0.375</b> (3.8%)<br>Cork City: <b>0.25</b> (2.5%)<br>","Ireland: 2.875 points","Shamrock Rovers: <b>1.375</b> (47.8%, not out)<br>Sligo Rovers: <b>1</b> (34.8%, out)<br>St. Patrick's Athletic: <b>0.5</b> (17.4%, out)<br>Derry City: <b>0</b> (0%, out)<br>"
"Bosnia and Herzegovina",9.75,"2.000","Bosnia-Herzegovina: 9.75 points","Zrinjski Mostar: <b>4</b> (41%)<br>FK Sarajevo: <b>1.875</b> (19.2%)<br>FK Borac Banja Luka: <b>1.125</b> (11.5%)<br>Velez Mostar: <b>0.875</b> (9%)<br>Zeljeznicar Sarajevo: <b>0.625</b> (6.4%)<br>Tuzla City: <b>0.5</b> (5.1%)<br>Siroki Brijeg: <b>0.5</b> (5.1%)<br>Radnik Bijeljina: <b>0.25</b> (2.6%)<br>","Bosnia-Herzegovina: 2 points","Zrinjski Mostar: <b>1.25</b> (62.5%, out)<br>Tuzla City: <b>0.5</b> (25%, out)<br>FK Borac Banja Luka: <b>0.25</b> (12.5%, out)<br>Velez Mostar: <b>0</b> (0%, out)<br>"
"Liechtenstein",9,"4.500","Liechtenstein: 9 points","FC Vaduz: <b>9</b> (100%)<br>","Liechtenstein: 4.5 points","FC Vaduz: <b>4.5</b> (100%, not out)<br>"
"Lithuania",9,"1.375","Lithuania: 9 points","Zalgiris Vilnius: <b>3.25</b> (36.1%)<br>Suduva Marijampole: <b>3.125</b> (34.7%)<br>FK Trakai: <b>0.875</b> (9.7%)<br>FK Riteriai: <b>0.75</b> (8.3%)<br>Kauno Zalgiris: <b>0.625</b> (6.9%)<br>Stumbras Kaunas: <b>0.25</b> (2.8%)<br>FK Panevezys: <b>0.125</b> (1.4%)<br>","Lithuania: 1.375 points","Zalgiris Vilnius: <b>1.125</b> (81.8%, not out)<br>Kauno Zalgiris: <b>0.125</b> (9.1%, out)<br>FK Panevezys: <b>0.125</b> (9.1%, out)<br>Suduva Marijampole: <b>0</b> (0%, out)<br>"
"Luxembourg",9,"1.125","Luxembourg: 9 points","F91 Dudelange: <b>4.75</b> (52.8%)<br>Progrès Niederkorn: <b>1.75</b> (19.4%)<br>CS Fola Esch: <b>1.625</b> (18.1%)<br>Differdange 03: <b>0.25</b> (2.8%)<br>Jeunesse d'Esch: <b>0.25</b> (2.8%)<br>Swift Hesperange: <b>0.125</b> (1.4%)<br>Union Titus Pétange: <b>0.125</b> (1.4%)<br>Racing Union Luxembourg: <b>0.125</b> (1.4%)<br>","Luxembourg: 1.125 points","F91 Dudelange: <b>1</b> (88.9%, out)<br>Differdange 03: <b>0.125</b> (11.1%, out)<br>Racing Union Luxembourg: <b>0</b> (0%, out)<br>CS Fola Esch: <b>0</b> (0%, out)<br>"
"Armenia",8.875,"1.375","Armenia: 8.875 points","Alashkert FC: <b>2.625</b> (29.6%)<br>Ararat-Armenia: <b>2.5</b> (28.2%)<br>Pyunik Yerevan: <b>2.375</b> (26.8%)<br>Ararat Yerevan: <b>0.625</b> (7%)<br>FC Noah: <b>0.375</b> (4.2%)<br>Gandzasar Kapan: <b>0.25</b> (2.8%)<br>Shirak Gyumri: <b>0.125</b> (1.4%)<br>Urartu FC: <b>0</b> (0%)<br>Banants Yerevan: <b>0</b> (0%)<br>","Armenia: 1.375 points","Pyunik Yerevan: <b>0.75</b> (54.5%, not out)<br>Alashkert FC: <b>0.25</b> (18.2%, out)<br>Ararat-Armenia: <b>0.25</b> (18.2%, out)<br>Ararat Yerevan: <b>0.125</b> (9.1%, out)<br>"
"Faeroe Is.",8.75,"2.250","Faroe Islands: 8.75 points","KI Klaksvik: <b>3.458</b> (39.5%)<br>B36 Torshavn: <b>2.375</b> (27.1%)<br>HB Torshavn: <b>1.625</b> (18.6%)<br>NSI Runavik: <b>0.792</b> (9%)<br>Víkingur: <b>0.5</b> (5.7%)<br>","Faroe Islands: 2.25 points","KI Klaksvik: <b>0.875</b> (38.9%, out)<br>B36 Torshavn: <b>0.625</b> (27.8%, out)<br>Víkingur: <b>0.5</b> (22.2%, out)<br>HB Torshavn: <b>0.25</b> (11.1%, out)<br>"
"Northern Ireland",8.583,"1.250","Northern Ireland: 8.583 points","Linfield Belfast: <b>3.25</b> (37.9%)<br>Coleraine: <b>1.292</b> (15%)<br>Larne FC: <b>1.25</b> (14.6%)<br>Crusaders Belfast: <b>1</b> (11.7%)<br>Glentoran: <b>0.792</b> (9.2%)<br>Cliftonville: <b>0.375</b> (4.4%)<br>Ballymena United: <b>0.375</b> (4.4%)<br>Glenavon: <b>0.25</b> (2.9%)<br>","Northern Ireland: 1.25 points","Linfield Belfast: <b>0.75</b> (60%, out)<br>Crusaders Belfast: <b>0.375</b> (30%, out)<br>Larne FC: <b>0.125</b> (10%, out)<br>Cliftonville: <b>0</b> (0%, out)<br>"
"Malta",8.25,"2.625","Malta: 8.25 points","Gzira United: <b>1.875</b> (22.7%)<br>Hibernians FC: <b>1.875</b> (22.7%)<br>Hamrun Spartans: <b>1.125</b> (13.6%)<br>Valletta FC: <b>0.875</b> (10.6%)<br>Floriana: <b>0.875</b> (10.6%)<br>Birkirkara: <b>0.75</b> (9.1%)<br>Balzan FC: <b>0.5</b> (6.1%)<br>Mosta FC: <b>0.25</b> (3%)<br>Sirens FC: <b>0.125</b> (1.5%)<br>","Malta: 2.625 points","Hamrun Spartans: <b>1.125</b> (42.9%, out)<br>Gzira United: <b>0.75</b> (28.6%, out)<br>Hibernians FC: <b>0.625</b> (23.8%, out)<br>Floriana: <b>0.125</b> (4.8%, out)<br>"
"Georgia",8,"1.125","Georgia: 8 points","Dinamo Tbilisi: <b>2.125</b> (26.6%)<br>Dinamo Batumi: <b>1.25</b> (15.6%)<br>Chikhura Sachkhere: <b>1.125</b> (14.1%)<br>Saburtalo Tbilisi: <b>1.125</b> (14.1%)<br>Torpedo Kutaisi: <b>1</b> (12.5%)<br>Lokomotivi Tbilisi: <b>0.875</b> (10.9%)<br>Dila Gori: <b>0.375</b> (4.7%)<br>Gagra Tbilisi: <b>0.125</b> (1.6%)<br>Samtredia: <b>0</b> (0%)<br>","Georgia: 1.125 points","Saburtalo Tbilisi: <b>0.5</b> (44.4%, out)<br>Dinamo Tbilisi: <b>0.25</b> (22.2%, out)<br>Dinamo Batumi: <b>0.25</b> (22.2%, out)<br>Dila Gori: <b>0.125</b> (11.1%, out)<br>"
"Estonia",7.582,"1.166","Estonia: 7.583 points","Flora Tallinn: <b>4.958</b> (65.4%)<br>Levadia Tallinn: <b>1.208</b> (15.9%)<br>Paide Linnameeskond: <b>0.792</b> (10.4%)<br>Kalju Nomme: <b>0.625</b> (8.2%)<br>Trans Narva: <b>0</b> (0%)<br>","Estonia: 1.167 points","Paide Linnameeskond: <b>0.667</b> (57.1%, out)<br>Flora Tallinn: <b>0.333</b> (28.6%, out)<br>Levadia Tallinn: <b>0.167</b> (14.3%, out)<br>"
"Iceland",7.25,"3.000","Iceland: 7.25 points","Breidablik: <b>2.125</b> (29.3%)<br>Vikingur Reykjavik: <b>1.792</b> (24.7%)<br>FH Hafnarfjardar: <b>1.125</b> (15.5%)<br>Valur Reykjavik: <b>0.875</b> (12.1%)<br>KR Reykjavik: <b>0.708</b> (9.8%)<br>Stjarnan FC: <b>0.625</b> (8.6%)<br>IBV Vestmannaeyjar: <b>0</b> (0%)<br>","Iceland: 3 points","Vikingur Reykjavik: <b>1.667</b> (55.6%, out)<br>Breidablik: <b>1</b> (33.3%, out)<br>KR Reykjavik: <b>0.333</b> (11.1%, out)<br>"
"Albania",6.25,"0.875","Albania: 6.25 points","KF Laçi: <b>1.875</b> (30%)<br>FK Kukësi: <b>1.25</b> (20%)<br>Teuta Durrës: <b>1</b> (16%)<br>Partizani Tirana: <b>1</b> (16%)<br>KF Tirana: <b>0.625</b> (10%)<br>Vllaznia Shkodër: <b>0.375</b> (6%)<br>Luftëtari Gjirokastër: <b>0.125</b> (2%)<br>","Albania: 0.875 points","KF Laçi: <b>0.5</b> (57.1%, out)<br>Partizani Tirana: <b>0.25</b> (28.6%, out)<br>Vllaznia Shkodër: <b>0.125</b> (14.3%, out)<br>KF Tirana: <b>0</b> (0%, out)<br>"
"Wales",6.166,"1.166","Wales: 6.167 points","The New Saints: <b>3.25</b> (52.7%)<br>Bala Town: <b>1.083</b> (17.6%)<br>Connah's Quay: <b>0.875</b> (14.2%)<br>Newtown: <b>0.333</b> (5.4%)<br>Barry Town: <b>0.25</b> (4.1%)<br>Cardiff MU: <b>0.25</b> (4.1%)<br>Cefn Druids: <b>0.125</b> (2%)<br>","Wales: 1.167 points","The New Saints: <b>0.5</b> (42.9%, out)<br>Newtown: <b>0.333</b> (28.6%, out)<br>Bala Town: <b>0.333</b> (28.6%, out)<br>"
"Gibraltar",5.791,"0.875","Gibraltar: 5.792 points","Lincoln Red Imps: <b>2.792</b> (48.2%)<br>St Joseph's FC: <b>1.5</b> (25.9%)<br>Europa FC: <b>1.125</b> (19.4%)<br>FCB Magpies: <b>0.25</b> (4.3%)<br>Mons Calpe: <b>0.125</b> (2.2%)<br>","Gibraltar: 0.875 points","St Joseph's FC: <b>0.375</b> (42.9%, out)<br>Lincoln Red Imps: <b>0.25</b> (28.6%, out)<br>FCB Magpies: <b>0.25</b> (28.6%, out)<br>Europa FC: <b>0</b> (0%, out)<br>"
"North Macedonia",5.5,"1.625","North Macedonia: 5.5 points","Shkendija Tetovo: <b>3</b> (54.5%)<br>FK Shkupi: <b>1.125</b> (20.5%)<br>Renova Dzepciste: <b>0.5</b> (9.1%)<br>Sileks Kratovo: <b>0.375</b> (6.8%)<br>Rabotnicki Skopje: <b>0.25</b> (4.5%)<br>FC Struga: <b>0.125</b> (2.3%)<br>Makedonija GjP: <b>0.125</b> (2.3%)<br>Akademija Pandev: <b>0</b> (0%)<br>Vardar Skopje: <b>0</b> (0%)<br>","North Macedonia: 1.625 points","Shkendija Tetovo: <b>1.125</b> (69.2%, out)<br>FK Shkupi: <b>0.375</b> (23.1%, out)<br>Makedonija GjP: <b>0.125</b> (7.7%, out)<br>Akademija Pandev: <b>0</b> (0%, out)<br>"
"Andorra",5.165,"0.666","Andorra: 5.167 points","FC Santa Coloma: <b>1.667</b> (32.3%)<br>UE Engordany: <b>1.333</b> (25.8%)<br>Inter Club d'Escaldes: <b>1.333</b> (25.8%)<br>Sant Julià: <b>0.667</b> (12.9%)<br>Atlètic Club d'Escaldes: <b>0.167</b> (3.2%)<br>UE Santa Coloma: <b>0</b> (0%)<br>","Andorra: 0.667 points","Inter Club d'Escaldes: <b>0.5</b> (75%, out)<br>Atlètic Club d'Escaldes: <b>0.167</b> (25%, out)<br>UE Santa Coloma: <b>0</b> (0%, out)<br>"
"Montenegro",4.75,"1.000","Montenegro: 4.75 points","Buducnost Podgorica: <b>1.875</b> (39.5%)<br>Sutjeska Niksic: <b>1.125</b> (23.7%)<br>Zeta Golubovci: <b>0.625</b> (13.2%)<br>Iskra Danilovgrad: <b>0.5</b> (10.5%)<br>OFK Titograd: <b>0.25</b> (5.3%)<br>FK Podgorica: <b>0.25</b> (5.3%)<br>Decic Tuzi: <b>0.125</b> (2.6%)<br>Rudar Pljevlja: <b>0</b> (0%)<br>","Montenegro: 1 points","Buducnost Podgorica: <b>0.625</b> (62.5%, out)<br>Iskra Danilovgrad: <b>0.125</b> (12.5%, out)<br>Sutjeska Niksic: <b>0.125</b> (12.5%, out)<br>Decic Tuzi: <b>0.125</b> (12.5%, out)<br>"
"San Marino",1.999,"0.833","San Marino: 2 points","Tre Fiori: <b>1.333</b> (66.7%)<br>La Fiorita: <b>0.333</b> (16.7%)<br>Folgore: <b>0.167</b> (8.3%)<br>Tre Penne: <b>0.167</b> (8.3%)<br>","San Marino: 0.833 points","Tre Fiori: <b>0.833</b> (100%, out)<br>Tre Penne: <b>0</b> (0%, out)<br>La Fiorita: <b>0</b> (0%, out)<br>"
